{
    "Age": {
        "mean": 33.63810504634397,
        "std": 24.4778652873551,
        "min": 1.0,
        "max": 80.0
    },
    "BMI": {
        "mean": 26.004561314791406,
        "std": 8.08011716727995,
        "min": 11.5,
        "max": 92.3
    },
    "SystolicBP": {
        "mean": 119.346111369149,
        "std": 18.67817943100391,
        "min": 64.66666666666667,
        "max": 234.66666666666666
    },
    "TotalCholesterol": {
        "mean": 179.79257401517006,
        "std": 40.994322687943566,
        "min": 59.0,
        "max": 813.0
    },
    "LDL": {
        "mean": 106.90301578986754,
        "std": 35.32272609709046,
        "min": 7.0,
        "max": 375.0
    },
    "Triglycerides": {
        "mean": 109.78784514027686,
        "std": 97.09625712700333,
        "min": 10.0,
        "max": 4233.0
    },
    "HbA1c": {
        "mean": 5.719656164431043,
        "std": 1.0617412040476988,
        "min": 2.8,
        "max": 17.8
    },
    "Glucose": {
        "mean": 101.20464276867547,
        "std": 37.55865281290984,
        "min": 19.0,
        "max": 626.0
    },
    "UricAcid": {
        "mean": 5.34693473028458,
        "std": 1.4291276148533387,
        "min": 0.4,
        "max": 18.0
    },
    "Creatinine": {
        "mean": 0.8713698290810008,
        "std": 0.4525414379458716,
        "min": 0.16,
        "max": 17.41
    },
    "WaistCircumference": {
        "mean": 88.00657448611994,
        "std": 22.80714325327938,
        "min": 38.7,
        "max": 187.5
    },
    "Height": {
        "mean": 155.80771662290445,
        "std": 23.09483524928336,
        "min": 78.3,
        "max": 204.5
    }
}